Technology,ISORTO,Plant Code,Nameplate Capacity (MW),Nameplate Energy Capacity (MWh),LAT,LON,PLHTIAN,PLNGENAN,FC,MC
Short-duration batteries,PJM,65945,1.5,4.3,38.99903,-77.058,2000.001,2226.0,0.0,0.0
Short-duration batteries,PJM,2830,2.0,1.0,38.9917,-84.2981,,0.0,0.0,
Short-duration batteries,PJM,2830,2.0,0.8,38.9917,-84.2981,,0.0,0.0,
Short-duration batteries,PJM,6377,1.0,1.0,35.109444,-75.979722,248.0,0.0,0.0,
Short-duration batteries,PJM,55370,10.4,10.4,39.851389,-79.070556,,0.0,0.0,
Short-duration batteries,PJM,57325,20.0,8.3,41.7678,-88.8867,,623324.0,0.0,
Short-duration batteries,PJM,57447,16.0,16.0,39.0072,-79.8866,,241213.0,0.0,
Flywheels,PJM,57716,20.0,15.0,40.949536,-76.04739,,0.0,0.0,
Short-duration batteries,PJM,59296,0.8,3.4,41.016944,-84.593611,,279419.0,0.0,
Short-duration batteries,PJM,59949,11.0,5.0,39.593075,-78.745333,,0.0,0.0,
Short-duration batteries,PJM,59957,4.5,1.0,41.2269,-88.6836,,0.0,0.0,
Short-duration batteries,PJM,59957,31.5,12.5,41.2269,-88.6836,,0.0,0.0,
Short-duration batteries,PJM,60297,10.0,4.1,39.295883,-83.960782,,0.0,0.0,
Short-duration batteries,PJM,60316,40.0,48.0,37.523,-77.934,,27476.0,0.0,
Short-duration batteries,PJM,60390,31.5,12.5,38.0878,-80.4925,,0.0,0.0,
Short-duration batteries,PJM,60656,19.8,7.8,42.331411,-88.274352,,0.0,0.0,
Short-duration batteries,PJM,60660,6.0,2.0,39.287747,-84.680313,,0.0,0.0,
Short-duration batteries,PJM,61473,1.0,1.0,40.328005,-74.804896,,680.0,0.0,
Short-duration batteries,PJM,61891,19.8,19.8,40.66538,-75.144467,,0.0,0.0,
Short-duration batteries,PJM,61892,19.8,19.8,40.1094,-74.497779,,0.0,0.0,
Short-duration batteries,PJM,61923,1.0,1.0,39.381969,-74.445146,,0.0,0.0,
Short-duration batteries,PJM,62027,1.0,2.0,40.838568,-74.312476,,1010.0,0.0,
Short-duration batteries,PJM,62444,18.0,12.1,39.790739,-79.00205,,0.0,0.0,
Short-duration batteries,PJM,64450,10.0,10.0,36.23891,-77.897552,,10696.0,0.0,
Short-duration batteries,PJM,65044,20.0,80.0,37.5,-77.7,,,0.0,
Short-duration batteries,PJM,65468,0.6,2.1,40.4966,-74.41746,,649.0,0.0,
Short-duration batteries,PJM,65499,10.5,24.6,36.578864,-79.384088,,0.0,0.0,
Short-duration batteries,PJM,65951,12.0,12.0,41.382589,-83.611231,,,0.0,
Short-duration batteries,PJM,65952,20.0,20.0,40.980781,-74.76095,,,0.0,
Short-duration batteries,PJM,65953,7.0,7.0,40.1337,-74.170856,,,0.0,
Short-duration batteries,PJM,66499,1.2,2.4,38.64022,-75.711068,,2622.0,0.0,
Short-duration batteries,PJM,67899,6.2,6.2,39.89023,-75.18554,,,0.0,
Short-duration batteries,PJM,80379,11.48709677419355,45.9483870967742,41.7678,-88.8867,0.0, ,0.0,0.0
Short-duration batteries,PJM,80380,11.48709677419355,45.9483870967742,41.7678,-88.8867,0.0, ,0.0,0.0
Short-duration batteries,PJM,80381,11.48709677419355,45.9483870967742,41.7678,-88.8867,0.0, ,0.0,0.0
Short-duration batteries,PJM,80382,11.48709677419355,45.9483870967742,41.7678,-88.8867,0.0, ,0.0,0.0
Short-duration batteries,PJM,80383,11.48709677419355,45.9483870967742,41.7678,-88.8867,0.0, ,0.0,0.0
Short-duration batteries,PJM,80384,11.48709677419355,45.9483870967742,41.7678,-88.8867,0.0, ,0.0,0.0
Short-duration batteries,PJM,80385,11.48709677419355,45.9483870967742,41.7678,-88.8867,0.0, ,0.0,0.0
Short-duration batteries,PJM,80386,11.48709677419355,45.9483870967742,41.7678,-88.8867,0.0, ,0.0,0.0
Short-duration batteries,PJM,80387,11.48709677419355,45.9483870967742,41.7678,-88.8867,0.0, ,0.0,0.0
Short-duration batteries,PJM,80388,11.48709677419355,45.9483870967742,41.7678,-88.8867,0.0, ,0.0,0.0
Short-duration batteries,PJM,80389,11.48709677419355,45.9483870967742,41.7678,-88.8867,0.0, ,0.0,0.0
Short-duration batteries,PJM,80390,11.48709677419355,45.9483870967742,41.7678,-88.8867,0.0, ,0.0,0.0
Short-duration batteries,PJM,80391,11.48709677419355,45.9483870967742,41.7678,-88.8867,0.0, ,0.0,0.0
Short-duration batteries,PJM,80392,11.48709677419355,45.9483870967742,41.7678,-88.8867,0.0, ,0.0,0.0
Short-duration batteries,PJM,80393,11.48709677419355,45.9483870967742,41.7678,-88.8867,0.0, ,0.0,0.0
Short-duration batteries,PJM,80394,11.48709677419355,45.9483870967742,41.7678,-88.8867,0.0, ,0.0,0.0
Short-duration batteries,PJM,80395,11.48709677419355,45.9483870967742,41.7678,-88.8867,0.0, ,0.0,0.0
Short-duration batteries,PJM,80396,11.48709677419355,45.9483870967742,41.7678,-88.8867,0.0, ,0.0,0.0
Short-duration batteries,PJM,80397,11.48709677419355,45.9483870967742,41.7678,-88.8867,0.0, ,0.0,0.0
Short-duration batteries,PJM,80398,11.48709677419355,45.9483870967742,41.7678,-88.8867,0.0, ,0.0,0.0
Short-duration batteries,PJM,80399,11.48709677419355,45.9483870967742,41.7678,-88.8867,0.0, ,0.0,0.0
Short-duration batteries,PJM,80400,11.48709677419355,45.9483870967742,41.7678,-88.8867,0.0, ,0.0,0.0
Short-duration batteries,PJM,80401,11.48709677419355,45.9483870967742,41.7678,-88.8867,0.0, ,0.0,0.0
Short-duration batteries,PJM,80402,11.48709677419355,45.9483870967742,41.7678,-88.8867,0.0, ,0.0,0.0
Short-duration batteries,PJM,80403,11.48709677419355,45.9483870967742,41.7678,-88.8867,0.0, ,0.0,0.0
Short-duration batteries,PJM,80404,11.48709677419355,45.9483870967742,41.7678,-88.8867,0.0, ,0.0,0.0
Short-duration batteries,PJM,80405,11.48709677419355,45.9483870967742,41.7678,-88.8867,0.0, ,0.0,0.0
Short-duration batteries,PJM,80406,11.48709677419355,45.9483870967742,41.7678,-88.8867,0.0, ,0.0,0.0
Short-duration batteries,PJM,80407,11.48709677419355,45.9483870967742,41.7678,-88.8867,0.0, ,0.0,0.0
Short-duration batteries,PJM,80408,11.48709677419355,45.9483870967742,41.7678,-88.8867,0.0, ,0.0,0.0
Short-duration batteries,PJM,80409,11.48709677419355,45.9483870967742,41.7678,-88.8867,0.0, ,0.0,0.0
Short-duration batteries,PJM,80410,11.48709677419355,45.9483870967742,41.7678,-88.8867,0.0, ,0.0,0.0
Short-duration batteries,PJM,80411,11.48709677419355,45.9483870967742,41.7678,-88.8867,0.0, ,0.0,0.0
Short-duration batteries,PJM,80412,11.48709677419355,45.9483870967742,41.7678,-88.8867,0.0, ,0.0,0.0
Short-duration batteries,PJM,80413,11.48709677419355,45.9483870967742,41.7678,-88.8867,0.0, ,0.0,0.0
Short-duration batteries,PJM,80414,11.48709677419355,45.9483870967742,41.7678,-88.8867,0.0, ,0.0,0.0
Short-duration batteries,PJM,80415,11.48709677419355,45.9483870967742,41.7678,-88.8867,0.0, ,0.0,0.0
Short-duration batteries,PJM,80416,11.48709677419355,45.9483870967742,41.7678,-88.8867,0.0, ,0.0,0.0
Short-duration batteries,PJM,80417,11.48709677419355,45.9483870967742,41.7678,-88.8867,0.0, ,0.0,0.0
Short-duration batteries,PJM,80418,11.48709677419355,45.9483870967742,41.7678,-88.8867,0.0, ,0.0,0.0
Short-duration batteries,PJM,80419,11.48709677419355,45.9483870967742,41.7678,-88.8867,0.0, ,0.0,0.0
Short-duration batteries,PJM,80420,11.48709677419355,45.9483870967742,41.7678,-88.8867,0.0, ,0.0,0.0
Short-duration batteries,PJM,80421,11.48709677419355,45.9483870967742,41.7678,-88.8867,0.0, ,0.0,0.0
Short-duration batteries,PJM,80422,11.48709677419355,45.9483870967742,41.7678,-88.8867,0.0, ,0.0,0.0
Short-duration batteries,PJM,80423,11.48709677419355,45.9483870967742,41.7678,-88.8867,0.0, ,0.0,0.0
Short-duration batteries,PJM,80424,11.48709677419355,45.9483870967742,41.7678,-88.8867,0.0, ,0.0,0.0
Short-duration batteries,PJM,80425,11.48709677419355,45.9483870967742,41.7678,-88.8867,0.0, ,0.0,0.0
Short-duration batteries,PJM,80426,11.48709677419355,45.9483870967742,41.7678,-88.8867,0.0, ,0.0,0.0
Short-duration batteries,PJM,80427,11.48709677419355,45.9483870967742,41.7678,-88.8867,0.0, ,0.0,0.0
Short-duration batteries,PJM,80428,11.48709677419355,45.9483870967742,41.7678,-88.8867,0.0, ,0.0,0.0
Short-duration batteries,PJM,80429,11.48709677419355,45.9483870967742,41.7678,-88.8867,0.0, ,0.0,0.0
Short-duration batteries,PJM,80430,11.48709677419355,45.9483870967742,41.7678,-88.8867,0.0, ,0.0,0.0
Short-duration batteries,PJM,80431,11.48709677419355,45.9483870967742,41.7678,-88.8867,0.0, ,0.0,0.0
Short-duration batteries,PJM,80432,11.48709677419355,45.9483870967742,41.7678,-88.8867,0.0, ,0.0,0.0
Short-duration batteries,PJM,80433,11.48709677419355,45.9483870967742,41.7678,-88.8867,0.0, ,0.0,0.0
Short-duration batteries,PJM,80434,11.48709677419355,45.9483870967742,41.7678,-88.8867,0.0, ,0.0,0.0
Short-duration batteries,PJM,80435,11.48709677419355,45.9483870967742,41.7678,-88.8867,0.0, ,0.0,0.0
Short-duration batteries,PJM,80436,11.48709677419355,45.9483870967742,41.7678,-88.8867,0.0, ,0.0,0.0
Short-duration batteries,PJM,80437,11.48709677419355,45.9483870967742,41.7678,-88.8867,0.0, ,0.0,0.0
Short-duration batteries,PJM,80438,11.48709677419355,45.9483870967742,41.7678,-88.8867,0.0, ,0.0,0.0
Short-duration batteries,PJM,80439,11.48709677419355,45.9483870967742,41.7678,-88.8867,0.0, ,0.0,0.0
Short-duration batteries,PJM,80440,11.48709677419355,45.9483870967742,41.7678,-88.8867,0.0, ,0.0,0.0
Short-duration batteries,PJM,80441,11.48709677419355,45.9483870967742,41.7678,-88.8867,0.0, ,0.0,0.0
Short-duration batteries,PJM,80442,11.48709677419355,45.9483870967742,41.7678,-88.8867,0.0, ,0.0,0.0
Short-duration batteries,PJM,80443,11.48709677419355,45.9483870967742,41.7678,-88.8867,0.0, ,0.0,0.0
Short-duration batteries,PJM,80444,11.48709677419355,45.9483870967742,41.7678,-88.8867,0.0, ,0.0,0.0
Short-duration batteries,PJM,80445,11.48709677419355,45.9483870967742,41.7678,-88.8867,0.0, ,0.0,0.0
Short-duration batteries,PJM,80446,11.48709677419355,45.9483870967742,41.7678,-88.8867,0.0, ,0.0,0.0
Short-duration batteries,PJM,80447,11.48709677419355,45.9483870967742,41.7678,-88.8867,0.0, ,0.0,0.0
Short-duration batteries,PJM,80448,11.48709677419355,45.9483870967742,41.7678,-88.8867,0.0, ,0.0,0.0
Short-duration batteries,PJM,80449,11.48709677419355,45.9483870967742,41.7678,-88.8867,0.0, ,0.0,0.0
Short-duration batteries,PJM,80450,11.48709677419355,45.9483870967742,41.7678,-88.8867,0.0, ,0.0,0.0
Short-duration batteries,PJM,80451,11.48709677419355,45.9483870967742,41.7678,-88.8867,0.0, ,0.0,0.0
Short-duration batteries,PJM,80452,11.48709677419355,45.9483870967742,41.7678,-88.8867,0.0, ,0.0,0.0
Short-duration batteries,PJM,80453,11.48709677419355,45.9483870967742,41.7678,-88.8867,0.0, ,0.0,0.0
Short-duration batteries,PJM,80454,11.48709677419355,45.9483870967742,41.7678,-88.8867,0.0, ,0.0,0.0
Short-duration batteries,PJM,80455,11.48709677419355,45.9483870967742,41.7678,-88.8867,0.0, ,0.0,0.0
Short-duration batteries,PJM,80456,11.48709677419355,45.9483870967742,41.7678,-88.8867,0.0, ,0.0,0.0
Short-duration batteries,PJM,80457,11.48709677419355,45.9483870967742,41.7678,-88.8867,0.0, ,0.0,0.0
Short-duration batteries,PJM,80458,11.48709677419355,45.9483870967742,41.7678,-88.8867,0.0, ,0.0,0.0
Short-duration batteries,PJM,80459,11.48709677419355,45.9483870967742,41.7678,-88.8867,0.0, ,0.0,0.0
Short-duration batteries,PJM,80460,11.48709677419355,45.9483870967742,41.7678,-88.8867,0.0, ,0.0,0.0
Short-duration batteries,PJM,80461,11.48709677419355,45.9483870967742,41.7678,-88.8867,0.0, ,0.0,0.0
Short-duration batteries,PJM,80462,11.48709677419355,45.9483870967742,41.7678,-88.8867,0.0, ,0.0,0.0
Short-duration batteries,PJM,80463,11.48709677419355,45.9483870967742,41.7678,-88.8867,0.0, ,0.0,0.0
Short-duration batteries,PJM,80464,11.48709677419355,45.9483870967742,41.7678,-88.8867,0.0, ,0.0,0.0
Short-duration batteries,PJM,80465,11.48709677419355,45.9483870967742,41.7678,-88.8867,0.0, ,0.0,0.0
Short-duration batteries,PJM,80466,11.48709677419355,45.9483870967742,41.7678,-88.8867,0.0, ,0.0,0.0
Short-duration batteries,PJM,80467,11.48709677419355,45.9483870967742,41.7678,-88.8867,0.0, ,0.0,0.0
Short-duration batteries,PJM,80468,11.48709677419355,45.9483870967742,41.7678,-88.8867,0.0, ,0.0,0.0
Short-duration batteries,PJM,80469,11.48709677419355,45.9483870967742,41.7678,-88.8867,0.0, ,0.0,0.0
Short-duration batteries,PJM,80470,11.48709677419355,45.9483870967742,41.7678,-88.8867,0.0, ,0.0,0.0
Short-duration batteries,PJM,80471,11.48709677419355,45.9483870967742,41.7678,-88.8867,0.0, ,0.0,0.0
Short-duration batteries,PJM,80472,11.48709677419355,45.9483870967742,41.7678,-88.8867,0.0, ,0.0,0.0
Short-duration batteries,PJM,80473,11.48709677419355,45.9483870967742,41.7678,-88.8867,0.0, ,0.0,0.0
Short-duration batteries,PJM,80474,11.48709677419355,45.9483870967742,41.7678,-88.8867,0.0, ,0.0,0.0
Short-duration batteries,PJM,80475,11.48709677419355,45.9483870967742,41.7678,-88.8867,0.0, ,0.0,0.0
Short-duration batteries,PJM,80476,11.48709677419355,45.9483870967742,41.7678,-88.8867,0.0, ,0.0,0.0
Short-duration batteries,PJM,80477,11.48709677419355,45.9483870967742,41.7678,-88.8867,0.0, ,0.0,0.0
Short-duration batteries,PJM,80478,11.48709677419355,45.9483870967742,41.7678,-88.8867,0.0, ,0.0,0.0
Short-duration batteries,PJM,80479,11.48709677419355,45.9483870967742,41.7678,-88.8867,0.0, ,0.0,0.0
Short-duration batteries,PJM,80480,11.48709677419355,45.9483870967742,41.7678,-88.8867,0.0, ,0.0,0.0
Short-duration batteries,PJM,80481,11.48709677419355,45.9483870967742,41.7678,-88.8867,0.0, ,0.0,0.0
Short-duration batteries,PJM,80482,11.48709677419355,45.9483870967742,41.7678,-88.8867,0.0, ,0.0,0.0
Short-duration batteries,PJM,80483,11.48709677419355,45.9483870967742,41.7678,-88.8867,0.0, ,0.0,0.0
Short-duration batteries,PJM,80484,11.48709677419355,45.9483870967742,41.7678,-88.8867,0.0, ,0.0,0.0
Short-duration batteries,PJM,80485,11.48709677419355,45.9483870967742,41.7678,-88.8867,0.0, ,0.0,0.0
Short-duration batteries,PJM,80486,11.48709677419355,45.9483870967742,41.7678,-88.8867,0.0, ,0.0,0.0
Short-duration batteries,PJM,80487,11.48709677419355,45.9483870967742,41.7678,-88.8867,0.0, ,0.0,0.0
Short-duration batteries,PJM,80488,11.48709677419355,45.9483870967742,41.7678,-88.8867,0.0, ,0.0,0.0
Short-duration batteries,PJM,80489,11.48709677419355,45.9483870967742,41.7678,-88.8867,0.0, ,0.0,0.0
Short-duration batteries,PJM,80490,11.48709677419355,45.9483870967742,41.7678,-88.8867,0.0, ,0.0,0.0
Short-duration batteries,PJM,80491,11.48709677419355,45.9483870967742,41.7678,-88.8867,0.0, ,0.0,0.0
Short-duration batteries,PJM,80492,11.48709677419355,45.9483870967742,41.7678,-88.8867,0.0, ,0.0,0.0
Short-duration batteries,PJM,80493,11.48709677419355,45.9483870967742,41.7678,-88.8867,0.0, ,0.0,0.0
Short-duration batteries,PJM,80494,11.48709677419355,45.9483870967742,41.7678,-88.8867,0.0, ,0.0,0.0
Short-duration batteries,PJM,80495,11.48709677419355,45.9483870967742,41.7678,-88.8867,0.0, ,0.0,0.0
Short-duration batteries,PJM,80496,11.48709677419355,45.9483870967742,41.7678,-88.8867,0.0, ,0.0,0.0
Short-duration batteries,PJM,80497,11.48709677419355,45.9483870967742,41.7678,-88.8867,0.0, ,0.0,0.0
Short-duration batteries,PJM,80498,11.48709677419355,45.9483870967742,41.7678,-88.8867,0.0, ,0.0,0.0
Short-duration batteries,PJM,80499,11.48709677419355,45.9483870967742,41.7678,-88.8867,0.0, ,0.0,0.0
Short-duration batteries,PJM,80500,11.48709677419355,45.9483870967742,41.7678,-88.8867,0.0, ,0.0,0.0
Short-duration batteries,PJM,80501,11.48709677419355,45.9483870967742,41.7678,-88.8867,0.0, ,0.0,0.0
Short-duration batteries,PJM,80502,11.48709677419355,45.9483870967742,41.7678,-88.8867,0.0, ,0.0,0.0
Short-duration batteries,PJM,80503,11.48709677419355,45.9483870967742,41.7678,-88.8867,0.0, ,0.0,0.0
Short-duration batteries,PJM,80504,11.48709677419355,45.9483870967742,41.7678,-88.8867,0.0, ,0.0,0.0
Short-duration batteries,PJM,80505,11.48709677419355,45.9483870967742,41.7678,-88.8867,0.0, ,0.0,0.0
Short-duration batteries,PJM,80506,11.48709677419355,45.9483870967742,41.7678,-88.8867,0.0, ,0.0,0.0
Short-duration batteries,PJM,80507,11.48709677419355,45.9483870967742,41.7678,-88.8867,0.0, ,0.0,0.0
Short-duration batteries,PJM,80508,11.48709677419355,45.9483870967742,41.7678,-88.8867,0.0, ,0.0,0.0
Short-duration batteries,PJM,80509,11.48709677419355,45.9483870967742,41.7678,-88.8867,0.0, ,0.0,0.0
Short-duration batteries,PJM,80510,11.48709677419355,45.9483870967742,41.7678,-88.8867,0.0, ,0.0,0.0
Short-duration batteries,PJM,80511,11.48709677419355,45.9483870967742,41.7678,-88.8867,0.0, ,0.0,0.0
Short-duration batteries,PJM,80512,11.48709677419355,45.9483870967742,41.7678,-88.8867,0.0, ,0.0,0.0
Short-duration batteries,PJM,80513,11.48709677419355,45.9483870967742,41.7678,-88.8867,0.0, ,0.0,0.0
Short-duration batteries,PJM,80514,11.48709677419355,45.9483870967742,41.7678,-88.8867,0.0, ,0.0,0.0
Short-duration batteries,PJM,80515,11.48709677419355,45.9483870967742,41.7678,-88.8867,0.0, ,0.0,0.0
Short-duration batteries,PJM,80516,11.48709677419355,45.9483870967742,41.7678,-88.8867,0.0, ,0.0,0.0
Short-duration batteries,PJM,80517,11.48709677419355,45.9483870967742,41.7678,-88.8867,0.0, ,0.0,0.0
Short-duration batteries,PJM,80518,11.48709677419355,45.9483870967742,41.7678,-88.8867,0.0, ,0.0,0.0
Short-duration batteries,PJM,80519,11.48709677419355,45.9483870967742,41.7678,-88.8867,0.0, ,0.0,0.0
Short-duration batteries,PJM,80520,11.48709677419355,45.9483870967742,41.7678,-88.8867,0.0, ,0.0,0.0
Short-duration batteries,PJM,80521,11.48709677419355,45.9483870967742,41.7678,-88.8867,0.0, ,0.0,0.0
Short-duration batteries,PJM,80522,11.48709677419355,45.9483870967742,41.7678,-88.8867,0.0, ,0.0,0.0
Short-duration batteries,PJM,80523,11.48709677419355,45.9483870967742,41.7678,-88.8867,0.0, ,0.0,0.0
Short-duration batteries,PJM,80524,11.48709677419355,45.9483870967742,41.7678,-88.8867,0.0, ,0.0,0.0
Short-duration batteries,PJM,80525,11.48709677419355,45.9483870967742,41.7678,-88.8867,0.0, ,0.0,0.0
Short-duration batteries,PJM,80526,11.48709677419355,45.9483870967742,41.7678,-88.8867,0.0, ,0.0,0.0
Short-duration batteries,PJM,80527,11.48709677419355,45.9483870967742,41.7678,-88.8867,0.0, ,0.0,0.0
Short-duration batteries,PJM,80528,11.48709677419355,45.9483870967742,41.7678,-88.8867,0.0, ,0.0,0.0
Short-duration batteries,PJM,80529,11.48709677419355,45.9483870967742,41.7678,-88.8867,0.0, ,0.0,0.0
Short-duration batteries,PJM,80530,11.48709677419355,45.9483870967742,41.7678,-88.8867,0.0, ,0.0,0.0
Short-duration batteries,PJM,80531,11.48709677419355,45.9483870967742,41.7678,-88.8867,0.0, ,0.0,0.0
Short-duration batteries,PJM,80532,11.48709677419355,45.9483870967742,41.7678,-88.8867,0.0, ,0.0,0.0
Short-duration batteries,PJM,80533,11.48709677419355,45.9483870967742,41.7678,-88.8867,0.0, ,0.0,0.0
Short-duration batteries,PJM,80534,11.48709677419355,45.9483870967742,41.7678,-88.8867,0.0, ,0.0,0.0
Short-duration batteries,PJM,80535,11.48709677419355,45.9483870967742,41.7678,-88.8867,0.0, ,0.0,0.0
Short-duration batteries,PJM,80536,11.48709677419355,45.9483870967742,41.7678,-88.8867,0.0, ,0.0,0.0
Short-duration batteries,PJM,80537,11.48709677419355,45.9483870967742,41.7678,-88.8867,0.0, ,0.0,0.0
Short-duration batteries,PJM,80538,11.48709677419355,45.9483870967742,41.7678,-88.8867,0.0, ,0.0,0.0
Short-duration batteries,PJM,80539,11.48709677419355,45.9483870967742,41.7678,-88.8867,0.0, ,0.0,0.0
Short-duration batteries,PJM,80540,11.48709677419355,45.9483870967742,41.7678,-88.8867,0.0, ,0.0,0.0
Short-duration batteries,PJM,80541,11.48709677419355,45.9483870967742,41.7678,-88.8867,0.0, ,0.0,0.0
Short-duration batteries,PJM,80542,11.48709677419355,45.9483870967742,41.7678,-88.8867,0.0, ,0.0,0.0
Short-duration batteries,PJM,80543,11.48709677419355,45.9483870967742,41.7678,-88.8867,0.0, ,0.0,0.0
Short-duration batteries,PJM,80544,11.48709677419355,45.9483870967742,41.7678,-88.8867,0.0, ,0.0,0.0
Short-duration batteries,PJM,80545,11.48709677419355,45.9483870967742,41.7678,-88.8867,0.0, ,0.0,0.0
Short-duration batteries,PJM,80546,11.48709677419355,45.9483870967742,41.7678,-88.8867,0.0, ,0.0,0.0
Short-duration batteries,PJM,80547,11.48709677419355,45.9483870967742,41.7678,-88.8867,0.0, ,0.0,0.0
Short-duration batteries,PJM,80548,11.48709677419355,45.9483870967742,41.7678,-88.8867,0.0, ,0.0,0.0
Short-duration batteries,PJM,80549,11.48709677419355,45.9483870967742,41.7678,-88.8867,0.0, ,0.0,0.0
Short-duration batteries,PJM,80550,11.48709677419355,45.9483870967742,41.7678,-88.8867,0.0, ,0.0,0.0
Short-duration batteries,PJM,80551,11.48709677419355,45.9483870967742,41.7678,-88.8867,0.0, ,0.0,0.0
Short-duration batteries,PJM,80552,11.48709677419355,45.9483870967742,41.7678,-88.8867,0.0, ,0.0,0.0
Short-duration batteries,PJM,80553,11.48709677419355,45.9483870967742,41.7678,-88.8867,0.0, ,0.0,0.0
Short-duration batteries,PJM,80554,11.48709677419355,45.9483870967742,41.7678,-88.8867,0.0, ,0.0,0.0
Short-duration batteries,PJM,80555,11.48709677419355,45.9483870967742,41.7678,-88.8867,0.0, ,0.0,0.0
Short-duration batteries,PJM,80556,11.48709677419355,45.9483870967742,41.7678,-88.8867,0.0, ,0.0,0.0
Short-duration batteries,PJM,80557,11.48709677419355,45.9483870967742,41.7678,-88.8867,0.0, ,0.0,0.0
Short-duration batteries,PJM,80558,11.48709677419355,45.9483870967742,41.7678,-88.8867,0.0, ,0.0,0.0
Short-duration batteries,PJM,80559,11.48709677419355,45.9483870967742,41.7678,-88.8867,0.0, ,0.0,0.0
Short-duration batteries,PJM,80560,11.48709677419355,45.9483870967742,41.7678,-88.8867,0.0, ,0.0,0.0
Short-duration batteries,PJM,80561,11.48709677419355,45.9483870967742,41.7678,-88.8867,0.0, ,0.0,0.0
Short-duration batteries,PJM,80562,11.48709677419355,45.9483870967742,41.7678,-88.8867,0.0, ,0.0,0.0
Short-duration batteries,PJM,80563,11.48709677419355,45.9483870967742,41.7678,-88.8867,0.0, ,0.0,0.0
Short-duration batteries,PJM,80564,11.48709677419355,45.9483870967742,41.7678,-88.8867,0.0, ,0.0,0.0
Short-duration batteries,PJM,80565,11.48709677419355,45.9483870967742,41.7678,-88.8867,0.0, ,0.0,0.0
Short-duration batteries,PJM,80566,11.48709677419355,45.9483870967742,41.7678,-88.8867,0.0, ,0.0,0.0
Short-duration batteries,PJM,80567,11.48709677419355,45.9483870967742,41.7678,-88.8867,0.0, ,0.0,0.0
Short-duration batteries,PJM,80568,11.48709677419355,45.9483870967742,41.7678,-88.8867,0.0, ,0.0,0.0
Short-duration batteries,PJM,80569,11.48709677419355,45.9483870967742,41.7678,-88.8867,0.0, ,0.0,0.0
Short-duration batteries,PJM,80570,11.48709677419355,45.9483870967742,41.7678,-88.8867,0.0, ,0.0,0.0
Short-duration batteries,PJM,80571,11.48709677419355,45.9483870967742,41.7678,-88.8867,0.0, ,0.0,0.0
Short-duration batteries,PJM,80572,11.48709677419355,45.9483870967742,41.7678,-88.8867,0.0, ,0.0,0.0
Short-duration batteries,PJM,80573,11.48709677419355,45.9483870967742,41.7678,-88.8867,0.0, ,0.0,0.0
Short-duration batteries,PJM,80574,11.48709677419355,45.9483870967742,41.7678,-88.8867,0.0, ,0.0,0.0
Short-duration batteries,PJM,80575,11.48709677419355,45.9483870967742,41.7678,-88.8867,0.0, ,0.0,0.0
Short-duration batteries,PJM,80576,11.48709677419355,45.9483870967742,41.7678,-88.8867,0.0, ,0.0,0.0
Short-duration batteries,PJM,80577,11.48709677419355,45.9483870967742,41.7678,-88.8867,0.0, ,0.0,0.0
Short-duration batteries,PJM,80578,11.48709677419355,45.9483870967742,41.7678,-88.8867,0.0, ,0.0,0.0
Short-duration batteries,PJM,80579,11.48709677419355,45.9483870967742,41.7678,-88.8867,0.0, ,0.0,0.0
Short-duration batteries,PJM,80580,11.48709677419355,45.9483870967742,41.7678,-88.8867,0.0, ,0.0,0.0
Short-duration batteries,PJM,80581,11.48709677419355,45.9483870967742,41.7678,-88.8867,0.0, ,0.0,0.0
Short-duration batteries,PJM,80582,11.48709677419355,45.9483870967742,41.7678,-88.8867,0.0, ,0.0,0.0
Short-duration batteries,PJM,80583,11.48709677419355,45.9483870967742,41.7678,-88.8867,0.0, ,0.0,0.0
Short-duration batteries,PJM,80584,11.48709677419355,45.9483870967742,41.7678,-88.8867,0.0, ,0.0,0.0
Short-duration batteries,PJM,80585,11.48709677419355,45.9483870967742,41.7678,-88.8867,0.0, ,0.0,0.0
Short-duration batteries,PJM,80586,11.48709677419355,45.9483870967742,41.7678,-88.8867,0.0, ,0.0,0.0
Short-duration batteries,PJM,80587,11.48709677419355,45.9483870967742,41.7678,-88.8867,0.0, ,0.0,0.0
Short-duration batteries,PJM,80588,11.48709677419355,45.9483870967742,41.7678,-88.8867,0.0, ,0.0,0.0
Short-duration batteries,PJM,80589,11.48709677419355,45.9483870967742,41.7678,-88.8867,0.0, ,0.0,0.0
Short-duration batteries,PJM,80590,11.48709677419355,45.9483870967742,41.7678,-88.8867,0.0, ,0.0,0.0
Short-duration batteries,PJM,80591,11.48709677419355,45.9483870967742,41.7678,-88.8867,0.0, ,0.0,0.0
Short-duration batteries,PJM,80592,11.48709677419355,45.9483870967742,41.7678,-88.8867,0.0, ,0.0,0.0
Short-duration batteries,PJM,80593,11.48709677419355,45.9483870967742,41.7678,-88.8867,0.0, ,0.0,0.0
Short-duration batteries,PJM,80594,11.48709677419355,45.9483870967742,41.7678,-88.8867,0.0, ,0.0,0.0
Short-duration batteries,PJM,80595,11.48709677419355,45.9483870967742,41.7678,-88.8867,0.0, ,0.0,0.0
Short-duration batteries,PJM,80596,11.48709677419355,45.9483870967742,41.7678,-88.8867,0.0, ,0.0,0.0
Short-duration batteries,PJM,80597,11.48709677419355,45.9483870967742,41.7678,-88.8867,0.0, ,0.0,0.0
Short-duration batteries,PJM,80598,11.48709677419355,45.9483870967742,41.7678,-88.8867,0.0, ,0.0,0.0
Short-duration batteries,PJM,80599,11.48709677419355,45.9483870967742,41.7678,-88.8867,0.0, ,0.0,0.0
Short-duration batteries,PJM,80600,11.48709677419355,45.9483870967742,41.7678,-88.8867,0.0, ,0.0,0.0
Short-duration batteries,PJM,80601,11.48709677419355,45.9483870967742,41.7678,-88.8867,0.0, ,0.0,0.0
Short-duration batteries,PJM,80602,11.48709677419355,45.9483870967742,41.7678,-88.8867,0.0, ,0.0,0.0
Short-duration batteries,PJM,80603,11.48709677419355,45.9483870967742,41.7678,-88.8867,0.0, ,0.0,0.0
Short-duration batteries,PJM,80604,11.48709677419355,45.9483870967742,41.7678,-88.8867,0.0, ,0.0,0.0
Short-duration batteries,PJM,80605,11.48709677419355,45.9483870967742,41.7678,-88.8867,0.0, ,0.0,0.0
Short-duration batteries,PJM,80606,11.48709677419355,45.9483870967742,41.7678,-88.8867,0.0, ,0.0,0.0
Short-duration batteries,PJM,80607,11.48709677419355,45.9483870967742,41.7678,-88.8867,0.0, ,0.0,0.0
Short-duration batteries,PJM,80608,11.48709677419355,45.9483870967742,41.7678,-88.8867,0.0, ,0.0,0.0
Short-duration batteries,PJM,80609,11.48709677419355,45.9483870967742,41.7678,-88.8867,0.0, ,0.0,0.0
Short-duration batteries,PJM,80610,11.48709677419355,45.9483870967742,41.7678,-88.8867,0.0, ,0.0,0.0
Short-duration batteries,PJM,80611,11.48709677419355,45.9483870967742,41.7678,-88.8867,0.0, ,0.0,0.0
Short-duration batteries,PJM,80612,11.48709677419355,45.9483870967742,41.7678,-88.8867,0.0, ,0.0,0.0
Short-duration batteries,PJM,80613,11.48709677419355,45.9483870967742,41.7678,-88.8867,0.0, ,0.0,0.0
Short-duration batteries,PJM,80614,11.48709677419355,45.9483870967742,41.7678,-88.8867,0.0, ,0.0,0.0
Short-duration batteries,PJM,80615,11.48709677419355,45.9483870967742,41.7678,-88.8867,0.0, ,0.0,0.0
Short-duration batteries,PJM,80616,11.48709677419355,45.9483870967742,41.7678,-88.8867,0.0, ,0.0,0.0
Short-duration batteries,PJM,80617,11.48709677419355,45.9483870967742,41.7678,-88.8867,0.0, ,0.0,0.0
Short-duration batteries,PJM,80618,11.48709677419355,45.9483870967742,41.7678,-88.8867,0.0, ,0.0,0.0
Short-duration batteries,PJM,80619,11.48709677419355,45.9483870967742,41.7678,-88.8867,0.0, ,0.0,0.0
Short-duration batteries,PJM,80620,11.48709677419355,45.9483870967742,41.7678,-88.8867,0.0, ,0.0,0.0
Short-duration batteries,PJM,80621,11.48709677419355,45.9483870967742,41.7678,-88.8867,0.0, ,0.0,0.0
Short-duration batteries,PJM,80622,11.48709677419355,45.9483870967742,41.7678,-88.8867,0.0, ,0.0,0.0
Short-duration batteries,PJM,80623,11.48709677419355,45.9483870967742,41.7678,-88.8867,0.0, ,0.0,0.0
Short-duration batteries,PJM,80624,11.48709677419355,45.9483870967742,41.7678,-88.8867,0.0, ,0.0,0.0
Short-duration batteries,PJM,80625,11.48709677419355,45.9483870967742,41.7678,-88.8867,0.0, ,0.0,0.0
Short-duration batteries,PJM,80626,11.48709677419355,45.9483870967742,41.7678,-88.8867,0.0, ,0.0,0.0
Short-duration batteries,PJM,80627,11.48709677419355,45.9483870967742,41.7678,-88.8867,0.0, ,0.0,0.0
Short-duration batteries,PJM,80628,11.48709677419355,45.9483870967742,41.7678,-88.8867,0.0, ,0.0,0.0
Short-duration batteries,PJM,80629,11.48709677419355,45.9483870967742,41.7678,-88.8867,0.0, ,0.0,0.0
Short-duration batteries,PJM,80630,11.48709677419355,45.9483870967742,41.7678,-88.8867,0.0, ,0.0,0.0
Short-duration batteries,PJM,80631,11.48709677419355,45.9483870967742,41.7678,-88.8867,0.0, ,0.0,0.0
Short-duration batteries,PJM,80632,11.48709677419355,45.9483870967742,41.7678,-88.8867,0.0, ,0.0,0.0
Short-duration batteries,PJM,80633,11.48709677419355,45.9483870967742,41.7678,-88.8867,0.0, ,0.0,0.0
Short-duration batteries,PJM,80634,11.48709677419355,45.9483870967742,41.7678,-88.8867,0.0, ,0.0,0.0
Short-duration batteries,PJM,80635,11.48709677419355,45.9483870967742,41.7678,-88.8867,0.0, ,0.0,0.0
Short-duration batteries,PJM,80636,11.48709677419355,45.9483870967742,41.7678,-88.8867,0.0, ,0.0,0.0
Short-duration batteries,PJM,80637,11.48709677419355,45.9483870967742,41.7678,-88.8867,0.0, ,0.0,0.0
Short-duration batteries,PJM,80638,11.48709677419355,45.9483870967742,41.7678,-88.8867,0.0, ,0.0,0.0
Short-duration batteries,PJM,80639,11.48709677419355,45.9483870967742,41.7678,-88.8867,0.0, ,0.0,0.0
Short-duration batteries,PJM,80640,11.48709677419355,45.9483870967742,41.7678,-88.8867,0.0, ,0.0,0.0
Short-duration batteries,PJM,80641,11.48709677419355,45.9483870967742,41.7678,-88.8867,0.0, ,0.0,0.0
Short-duration batteries,PJM,80642,11.48709677419355,45.9483870967742,41.7678,-88.8867,0.0, ,0.0,0.0
Short-duration batteries,PJM,80643,11.48709677419355,45.9483870967742,41.7678,-88.8867,0.0, ,0.0,0.0
Short-duration batteries,PJM,80644,11.48709677419355,45.9483870967742,41.7678,-88.8867,0.0, ,0.0,0.0
Short-duration batteries,PJM,80645,11.48709677419355,45.9483870967742,41.7678,-88.8867,0.0, ,0.0,0.0
Short-duration batteries,PJM,80646,11.48709677419355,45.9483870967742,41.7678,-88.8867,0.0, ,0.0,0.0
Short-duration batteries,PJM,80647,11.48709677419355,45.9483870967742,41.7678,-88.8867,0.0, ,0.0,0.0
Short-duration batteries,PJM,80648,11.48709677419355,45.9483870967742,41.7678,-88.8867,0.0, ,0.0,0.0
Short-duration batteries,PJM,80649,11.48709677419355,45.9483870967742,41.7678,-88.8867,0.0, ,0.0,0.0
Short-duration batteries,PJM,80650,11.48709677419355,45.9483870967742,41.7678,-88.8867,0.0, ,0.0,0.0
Short-duration batteries,PJM,80651,11.48709677419355,45.9483870967742,41.7678,-88.8867,0.0, ,0.0,0.0
Short-duration batteries,PJM,80652,11.48709677419355,45.9483870967742,41.7678,-88.8867,0.0, ,0.0,0.0
Short-duration batteries,PJM,80653,11.48709677419355,45.9483870967742,41.7678,-88.8867,0.0, ,0.0,0.0
Short-duration batteries,PJM,80654,11.48709677419355,45.9483870967742,41.7678,-88.8867,0.0, ,0.0,0.0
Short-duration batteries,PJM,80655,11.48709677419355,45.9483870967742,41.7678,-88.8867,0.0, ,0.0,0.0
Short-duration batteries,PJM,80656,11.48709677419355,45.9483870967742,41.7678,-88.8867,0.0, ,0.0,0.0
Short-duration batteries,PJM,80657,11.48709677419355,45.9483870967742,41.7678,-88.8867,0.0, ,0.0,0.0
Short-duration batteries,PJM,80658,11.48709677419355,45.9483870967742,41.7678,-88.8867,0.0, ,0.0,0.0
Short-duration batteries,PJM,80659,11.48709677419355,45.9483870967742,41.7678,-88.8867,0.0, ,0.0,0.0
Short-duration batteries,PJM,80660,11.48709677419355,45.9483870967742,41.7678,-88.8867,0.0, ,0.0,0.0
Short-duration batteries,PJM,80661,11.48709677419355,45.9483870967742,41.7678,-88.8867,0.0, ,0.0,0.0
Short-duration batteries,PJM,80662,11.48709677419355,45.9483870967742,41.7678,-88.8867,0.0, ,0.0,0.0
Short-duration batteries,PJM,80663,11.48709677419355,45.9483870967742,41.7678,-88.8867,0.0, ,0.0,0.0
Short-duration batteries,PJM,80664,11.48709677419355,45.9483870967742,41.7678,-88.8867,0.0, ,0.0,0.0
Short-duration batteries,PJM,80665,11.48709677419355,45.9483870967742,41.7678,-88.8867,0.0, ,0.0,0.0
Short-duration batteries,PJM,80666,11.48709677419355,45.9483870967742,41.7678,-88.8867,0.0, ,0.0,0.0
Short-duration batteries,PJM,80667,11.48709677419355,45.9483870967742,41.7678,-88.8867,0.0, ,0.0,0.0
Short-duration batteries,PJM,80668,11.48709677419355,45.9483870967742,41.7678,-88.8867,0.0, ,0.0,0.0
Short-duration batteries,PJM,80669,11.48709677419355,45.9483870967742,41.7678,-88.8867,0.0, ,0.0,0.0
Short-duration batteries,PJM,80670,11.48709677419355,45.9483870967742,41.7678,-88.8867,0.0, ,0.0,0.0
Short-duration batteries,PJM,80671,11.48709677419355,45.9483870967742,41.7678,-88.8867,0.0, ,0.0,0.0
Short-duration batteries,PJM,80672,11.48709677419355,45.9483870967742,41.7678,-88.8867,0.0, ,0.0,0.0
Short-duration batteries,PJM,80673,11.48709677419355,45.9483870967742,41.7678,-88.8867,0.0, ,0.0,0.0
Short-duration batteries,PJM,80674,11.48709677419355,45.9483870967742,41.7678,-88.8867,0.0, ,0.0,0.0
Short-duration batteries,PJM,80675,11.48709677419355,45.9483870967742,41.7678,-88.8867,0.0, ,0.0,0.0
Short-duration batteries,PJM,80676,11.48709677419355,45.9483870967742,41.7678,-88.8867,0.0, ,0.0,0.0
Short-duration batteries,PJM,80677,11.48709677419355,45.9483870967742,41.7678,-88.8867,0.0, ,0.0,0.0
Short-duration batteries,PJM,80678,11.48709677419355,45.9483870967742,41.7678,-88.8867,0.0, ,0.0,0.0
Short-duration batteries,PJM,80679,11.48709677419355,45.9483870967742,41.7678,-88.8867,0.0, ,0.0,0.0
Short-duration batteries,PJM,80680,11.48709677419355,45.9483870967742,41.7678,-88.8867,0.0, ,0.0,0.0
Short-duration batteries,PJM,80681,11.48709677419355,45.9483870967742,41.7678,-88.8867,0.0, ,0.0,0.0
Short-duration batteries,PJM,80682,11.48709677419355,45.9483870967742,41.7678,-88.8867,0.0, ,0.0,0.0
Short-duration batteries,PJM,80683,11.48709677419355,45.9483870967742,41.7678,-88.8867,0.0, ,0.0,0.0
Short-duration batteries,PJM,80684,11.48709677419355,45.9483870967742,41.7678,-88.8867,0.0, ,0.0,0.0
Short-duration batteries,PJM,80685,11.48709677419355,45.9483870967742,41.7678,-88.8867,0.0, ,0.0,0.0
Short-duration batteries,PJM,80686,11.48709677419355,45.9483870967742,41.7678,-88.8867,0.0, ,0.0,0.0
Short-duration batteries,PJM,80687,11.48709677419355,45.9483870967742,41.7678,-88.8867,0.0, ,0.0,0.0
Short-duration batteries,PJM,80688,11.48709677419355,45.9483870967742,41.7678,-88.8867,0.0, ,0.0,0.0
Short-duration batteries,PJM,80689,11.48709677419355,45.9483870967742,41.7678,-88.8867,0.0, ,0.0,0.0
Short-duration batteries,PJM,80690,11.48709677419355,45.9483870967742,41.7678,-88.8867,0.0, ,0.0,0.0
Short-duration batteries,PJM,80691,11.48709677419355,45.9483870967742,41.7678,-88.8867,0.0, ,0.0,0.0
Short-duration batteries,PJM,80692,11.48709677419355,45.9483870967742,41.7678,-88.8867,0.0, ,0.0,0.0
Short-duration batteries,PJM,80693,11.48709677419355,45.9483870967742,41.7678,-88.8867,0.0, ,0.0,0.0
Short-duration batteries,PJM,80694,11.48709677419355,45.9483870967742,41.7678,-88.8867,0.0, ,0.0,0.0
Short-duration batteries,PJM,80695,11.48709677419355,45.9483870967742,41.7678,-88.8867,0.0, ,0.0,0.0
Short-duration batteries,PJM,80696,11.48709677419355,45.9483870967742,41.7678,-88.8867,0.0, ,0.0,0.0
Short-duration batteries,PJM,80697,11.48709677419355,45.9483870967742,41.7678,-88.8867,0.0, ,0.0,0.0
Short-duration batteries,PJM,80698,11.48709677419355,45.9483870967742,41.7678,-88.8867,0.0, ,0.0,0.0
Short-duration batteries,PJM,80699,11.48709677419355,45.9483870967742,41.7678,-88.8867,0.0, ,0.0,0.0
Short-duration batteries,PJM,80700,11.48709677419355,45.9483870967742,41.7678,-88.8867,0.0, ,0.0,0.0
Short-duration batteries,PJM,80701,11.48709677419355,45.9483870967742,41.7678,-88.8867,0.0, ,0.0,0.0
Short-duration batteries,PJM,80702,11.48709677419355,45.9483870967742,41.7678,-88.8867,0.0, ,0.0,0.0
Short-duration batteries,PJM,80703,11.48709677419355,45.9483870967742,41.7678,-88.8867,0.0, ,0.0,0.0
Short-duration batteries,PJM,80704,11.48709677419355,45.9483870967742,41.7678,-88.8867,0.0, ,0.0,0.0
Short-duration batteries,PJM,80705,11.48709677419355,45.9483870967742,41.7678,-88.8867,0.0, ,0.0,0.0
Short-duration batteries,PJM,80706,11.48709677419355,45.9483870967742,41.7678,-88.8867,0.0, ,0.0,0.0
Short-duration batteries,PJM,80707,11.48709677419355,45.9483870967742,41.7678,-88.8867,0.0, ,0.0,0.0
Short-duration batteries,PJM,80708,11.48709677419355,45.9483870967742,41.7678,-88.8867,0.0, ,0.0,0.0
Short-duration batteries,PJM,80709,11.48709677419355,45.9483870967742,41.7678,-88.8867,0.0, ,0.0,0.0
Short-duration batteries,PJM,80710,11.48709677419355,45.9483870967742,41.7678,-88.8867,0.0, ,0.0,0.0
Short-duration batteries,PJM,80711,11.48709677419355,45.9483870967742,41.7678,-88.8867,0.0, ,0.0,0.0
Short-duration batteries,PJM,80712,11.48709677419355,45.9483870967742,41.7678,-88.8867,0.0, ,0.0,0.0
Short-duration batteries,PJM,80713,11.48709677419355,45.9483870967742,41.7678,-88.8867,0.0, ,0.0,0.0
Short-duration batteries,PJM,80714,11.48709677419355,45.9483870967742,41.7678,-88.8867,0.0, ,0.0,0.0
Short-duration batteries,PJM,80715,11.48709677419355,45.9483870967742,41.7678,-88.8867,0.0, ,0.0,0.0
Short-duration batteries,PJM,80716,11.48709677419355,45.9483870967742,41.7678,-88.8867,0.0, ,0.0,0.0
Short-duration batteries,PJM,80717,11.48709677419355,45.9483870967742,41.7678,-88.8867,0.0, ,0.0,0.0
Short-duration batteries,PJM,80718,11.48709677419355,45.9483870967742,41.7678,-88.8867,0.0, ,0.0,0.0
Short-duration batteries,PJM,80719,11.48709677419355,45.9483870967742,41.7678,-88.8867,0.0, ,0.0,0.0
Short-duration batteries,PJM,80720,11.48709677419355,45.9483870967742,41.7678,-88.8867,0.0, ,0.0,0.0
Short-duration batteries,PJM,80721,11.48709677419355,45.9483870967742,41.7678,-88.8867,0.0, ,0.0,0.0
Short-duration batteries,PJM,80722,11.48709677419355,45.9483870967742,41.7678,-88.8867,0.0, ,0.0,0.0
Short-duration batteries,PJM,80723,11.48709677419355,45.9483870967742,41.7678,-88.8867,0.0, ,0.0,0.0
Short-duration batteries,PJM,80724,11.48709677419355,45.9483870967742,41.7678,-88.8867,0.0, ,0.0,0.0
Short-duration batteries,PJM,80725,11.48709677419355,45.9483870967742,41.7678,-88.8867,0.0, ,0.0,0.0
Short-duration batteries,PJM,80726,11.48709677419355,45.9483870967742,41.7678,-88.8867,0.0, ,0.0,0.0
Short-duration batteries,PJM,80727,11.48709677419355,45.9483870967742,41.7678,-88.8867,0.0, ,0.0,0.0
Short-duration batteries,PJM,80728,11.48709677419355,45.9483870967742,41.7678,-88.8867,0.0, ,0.0,0.0
Short-duration batteries,PJM,80729,11.48709677419355,45.9483870967742,41.7678,-88.8867,0.0, ,0.0,0.0
Short-duration batteries,PJM,80730,11.48709677419355,45.9483870967742,41.7678,-88.8867,0.0, ,0.0,0.0
Short-duration batteries,PJM,80731,11.48709677419355,45.9483870967742,41.7678,-88.8867,0.0, ,0.0,0.0
Short-duration batteries,PJM,80732,11.48709677419355,45.9483870967742,41.7678,-88.8867,0.0, ,0.0,0.0
Short-duration batteries,PJM,80733,11.48709677419355,45.9483870967742,41.7678,-88.8867,0.0, ,0.0,0.0
Short-duration batteries,PJM,80734,11.48709677419355,45.9483870967742,41.7678,-88.8867,0.0, ,0.0,0.0
Short-duration batteries,PJM,80735,11.48709677419355,45.9483870967742,41.7678,-88.8867,0.0, ,0.0,0.0
Short-duration batteries,PJM,80736,11.48709677419355,45.9483870967742,41.7678,-88.8867,0.0, ,0.0,0.0
Short-duration batteries,PJM,80737,11.48709677419355,45.9483870967742,41.7678,-88.8867,0.0, ,0.0,0.0
Short-duration batteries,PJM,80738,11.48709677419355,45.9483870967742,41.7678,-88.8867,0.0, ,0.0,0.0
Short-duration batteries,PJM,80739,11.48709677419355,45.9483870967742,41.7678,-88.8867,0.0, ,0.0,0.0
Short-duration batteries,PJM,80740,11.48709677419355,45.9483870967742,41.7678,-88.8867,0.0, ,0.0,0.0
Short-duration batteries,PJM,80741,11.48709677419355,45.9483870967742,41.7678,-88.8867,0.0, ,0.0,0.0
Short-duration batteries,PJM,80742,11.48709677419355,45.9483870967742,41.7678,-88.8867,0.0, ,0.0,0.0
Short-duration batteries,PJM,80743,11.48709677419355,45.9483870967742,41.7678,-88.8867,0.0, ,0.0,0.0
Short-duration batteries,PJM,80744,11.48709677419355,45.9483870967742,41.7678,-88.8867,0.0, ,0.0,0.0
Short-duration batteries,PJM,80745,11.48709677419355,45.9483870967742,41.7678,-88.8867,0.0, ,0.0,0.0
Short-duration batteries,PJM,80746,11.48709677419355,45.9483870967742,41.7678,-88.8867,0.0, ,0.0,0.0
Short-duration batteries,PJM,80747,11.48709677419355,45.9483870967742,41.7678,-88.8867,0.0, ,0.0,0.0
Short-duration batteries,PJM,80748,11.48709677419355,45.9483870967742,41.7678,-88.8867,0.0, ,0.0,0.0
Short-duration batteries,PJM,80749,11.48709677419355,45.9483870967742,41.7678,-88.8867,0.0, ,0.0,0.0
Short-duration batteries,PJM,80750,11.48709677419355,45.9483870967742,41.7678,-88.8867,0.0, ,0.0,0.0
Short-duration batteries,PJM,80751,11.48709677419355,45.9483870967742,41.7678,-88.8867,0.0, ,0.0,0.0
Short-duration batteries,PJM,80752,11.48709677419355,45.9483870967742,41.7678,-88.8867,0.0, ,0.0,0.0
Short-duration batteries,PJM,80753,11.48709677419355,45.9483870967742,41.7678,-88.8867,0.0, ,0.0,0.0
Short-duration batteries,PJM,80754,11.48709677419355,45.9483870967742,41.7678,-88.8867,0.0, ,0.0,0.0
Short-duration batteries,PJM,80755,11.48709677419355,45.9483870967742,41.7678,-88.8867,0.0, ,0.0,0.0
Short-duration batteries,PJM,80756,11.48709677419355,45.9483870967742,41.7678,-88.8867,0.0, ,0.0,0.0
Short-duration batteries,PJM,80757,11.48709677419355,45.9483870967742,41.7678,-88.8867,0.0, ,0.0,0.0
Short-duration batteries,PJM,80758,11.48709677419355,45.9483870967742,41.7678,-88.8867,0.0, ,0.0,0.0
Short-duration batteries,PJM,80759,11.48709677419355,45.9483870967742,41.7678,-88.8867,0.0, ,0.0,0.0
Short-duration batteries,PJM,80760,11.48709677419355,45.9483870967742,41.7678,-88.8867,0.0, ,0.0,0.0
Short-duration batteries,PJM,80761,11.48709677419355,45.9483870967742,41.7678,-88.8867,0.0, ,0.0,0.0
Short-duration batteries,PJM,80762,11.48709677419355,45.9483870967742,41.7678,-88.8867,0.0, ,0.0,0.0
Short-duration batteries,PJM,80763,11.48709677419355,45.9483870967742,41.7678,-88.8867,0.0, ,0.0,0.0
Short-duration batteries,PJM,80764,11.48709677419355,45.9483870967742,41.7678,-88.8867,0.0, ,0.0,0.0
Short-duration batteries,PJM,80765,11.48709677419355,45.9483870967742,41.7678,-88.8867,0.0, ,0.0,0.0
Short-duration batteries,PJM,80766,11.48709677419355,45.9483870967742,41.7678,-88.8867,0.0, ,0.0,0.0
Short-duration batteries,PJM,80767,11.48709677419355,45.9483870967742,41.7678,-88.8867,0.0, ,0.0,0.0
Short-duration batteries,PJM,80768,11.48709677419355,45.9483870967742,41.7678,-88.8867,0.0, ,0.0,0.0
Short-duration batteries,PJM,80769,11.48709677419355,45.9483870967742,41.7678,-88.8867,0.0, ,0.0,0.0
Short-duration batteries,PJM,80770,11.48709677419355,45.9483870967742,41.7678,-88.8867,0.0, ,0.0,0.0
Short-duration batteries,PJM,80771,11.48709677419355,45.9483870967742,41.7678,-88.8867,0.0, ,0.0,0.0
Short-duration batteries,PJM,80772,11.48709677419355,45.9483870967742,41.7678,-88.8867,0.0, ,0.0,0.0
Short-duration batteries,PJM,80773,11.48709677419355,45.9483870967742,41.7678,-88.8867,0.0, ,0.0,0.0
Short-duration batteries,PJM,80774,11.48709677419355,45.9483870967742,41.7678,-88.8867,0.0, ,0.0,0.0
Short-duration batteries,PJM,80775,11.48709677419355,45.9483870967742,41.7678,-88.8867,0.0, ,0.0,0.0
Short-duration batteries,PJM,80776,11.48709677419355,45.9483870967742,41.7678,-88.8867,0.0, ,0.0,0.0
Short-duration batteries,PJM,80777,11.48709677419355,45.9483870967742,41.7678,-88.8867,0.0, ,0.0,0.0
Short-duration batteries,PJM,80778,11.48709677419355,45.9483870967742,41.7678,-88.8867,0.0, ,0.0,0.0
Short-duration batteries,PJM,80779,11.48709677419355,45.9483870967742,41.7678,-88.8867,0.0, ,0.0,0.0
Short-duration batteries,PJM,80780,11.48709677419355,45.9483870967742,41.7678,-88.8867,0.0, ,0.0,0.0
Short-duration batteries,PJM,80781,11.48709677419355,45.9483870967742,41.7678,-88.8867,0.0, ,0.0,0.0
Short-duration batteries,PJM,80782,11.48709677419355,45.9483870967742,41.7678,-88.8867,0.0, ,0.0,0.0
Short-duration batteries,PJM,80783,11.48709677419355,45.9483870967742,41.7678,-88.8867,0.0, ,0.0,0.0
Short-duration batteries,PJM,80784,11.48709677419355,45.9483870967742,41.7678,-88.8867,0.0, ,0.0,0.0
Short-duration batteries,PJM,80785,11.48709677419355,45.9483870967742,41.7678,-88.8867,0.0, ,0.0,0.0
Short-duration batteries,PJM,80786,11.48709677419355,45.9483870967742,41.7678,-88.8867,0.0, ,0.0,0.0
Short-duration batteries,PJM,80787,11.48709677419355,45.9483870967742,41.7678,-88.8867,0.0, ,0.0,0.0
Short-duration batteries,PJM,80788,11.48709677419355,45.9483870967742,41.7678,-88.8867,0.0, ,0.0,0.0
Short-duration batteries,PJM,80789,11.48709677419355,45.9483870967742,41.7678,-88.8867,0.0, ,0.0,0.0
Short-duration batteries,PJM,80790,11.48709677419355,45.9483870967742,41.7678,-88.8867,0.0, ,0.0,0.0
Short-duration batteries,PJM,80791,11.48709677419355,45.9483870967742,41.7678,-88.8867,0.0, ,0.0,0.0
Short-duration batteries,PJM,80792,11.48709677419355,45.9483870967742,41.7678,-88.8867,0.0, ,0.0,0.0
Short-duration batteries,PJM,80793,11.48709677419355,45.9483870967742,41.7678,-88.8867,0.0, ,0.0,0.0
Short-duration batteries,PJM,80794,11.48709677419355,45.9483870967742,41.7678,-88.8867,0.0, ,0.0,0.0
Short-duration batteries,PJM,80795,11.48709677419355,45.9483870967742,41.7678,-88.8867,0.0, ,0.0,0.0
Short-duration batteries,PJM,80796,11.48709677419355,45.9483870967742,41.7678,-88.8867,0.0, ,0.0,0.0
Short-duration batteries,PJM,80797,11.48709677419355,45.9483870967742,41.7678,-88.8867,0.0, ,0.0,0.0
Short-duration batteries,PJM,80798,11.48709677419355,45.9483870967742,41.7678,-88.8867,0.0, ,0.0,0.0
Short-duration batteries,PJM,80799,11.48709677419355,45.9483870967742,41.7678,-88.8867,0.0, ,0.0,0.0
Short-duration batteries,PJM,80800,11.48709677419355,45.9483870967742,41.7678,-88.8867,0.0, ,0.0,0.0
Short-duration batteries,PJM,80801,11.48709677419355,45.9483870967742,41.7678,-88.8867,0.0, ,0.0,0.0
Short-duration batteries,PJM,80802,11.48709677419355,45.9483870967742,41.7678,-88.8867,0.0, ,0.0,0.0
Short-duration batteries,PJM,80803,11.48709677419355,45.9483870967742,41.7678,-88.8867,0.0, ,0.0,0.0
Short-duration batteries,PJM,80804,11.48709677419355,45.9483870967742,41.7678,-88.8867,0.0, ,0.0,0.0
Short-duration batteries,PJM,80805,11.48709677419355,45.9483870967742,41.7678,-88.8867,0.0, ,0.0,0.0
Short-duration batteries,PJM,80806,11.48709677419355,45.9483870967742,41.7678,-88.8867,0.0, ,0.0,0.0
Short-duration batteries,PJM,80807,11.48709677419355,45.9483870967742,41.7678,-88.8867,0.0, ,0.0,0.0
Short-duration batteries,PJM,80808,11.48709677419355,45.9483870967742,41.7678,-88.8867,0.0, ,0.0,0.0
Short-duration batteries,PJM,80809,11.48709677419355,45.9483870967742,41.7678,-88.8867,0.0, ,0.0,0.0
Short-duration batteries,PJM,80810,11.48709677419355,45.9483870967742,41.7678,-88.8867,0.0, ,0.0,0.0
Short-duration batteries,PJM,80811,11.48709677419355,45.9483870967742,41.7678,-88.8867,0.0, ,0.0,0.0
Short-duration batteries,PJM,80812,11.48709677419355,45.9483870967742,41.7678,-88.8867,0.0, ,0.0,0.0
Short-duration batteries,PJM,80813,11.48709677419355,45.9483870967742,41.7678,-88.8867,0.0, ,0.0,0.0
Short-duration batteries,PJM,80814,11.48709677419355,45.9483870967742,41.7678,-88.8867,0.0, ,0.0,0.0
Short-duration batteries,PJM,80815,11.48709677419355,45.9483870967742,41.7678,-88.8867,0.0, ,0.0,0.0
Short-duration batteries,PJM,80816,11.48709677419355,45.9483870967742,41.7678,-88.8867,0.0, ,0.0,0.0
Short-duration batteries,PJM,80817,11.48709677419355,45.9483870967742,41.7678,-88.8867,0.0, ,0.0,0.0
Short-duration batteries,PJM,80818,11.48709677419355,45.9483870967742,41.7678,-88.8867,0.0, ,0.0,0.0
Short-duration batteries,PJM,80819,11.48709677419355,45.9483870967742,41.7678,-88.8867,0.0, ,0.0,0.0
Short-duration batteries,PJM,80820,11.48709677419355,45.9483870967742,41.7678,-88.8867,0.0, ,0.0,0.0
Short-duration batteries,PJM,80821,11.48709677419355,45.9483870967742,41.7678,-88.8867,0.0, ,0.0,0.0
Short-duration batteries,PJM,80822,11.48709677419355,45.9483870967742,41.7678,-88.8867,0.0, ,0.0,0.0
Short-duration batteries,PJM,80823,11.48709677419355,45.9483870967742,41.7678,-88.8867,0.0, ,0.0,0.0
Short-duration batteries,PJM,80824,11.48709677419355,45.9483870967742,41.7678,-88.8867,0.0, ,0.0,0.0
Short-duration batteries,PJM,80825,11.48709677419355,45.9483870967742,41.7678,-88.8867,0.0, ,0.0,0.0
Short-duration batteries,PJM,80826,11.48709677419355,45.9483870967742,41.7678,-88.8867,0.0, ,0.0,0.0
Short-duration batteries,PJM,80827,11.48709677419355,45.9483870967742,41.7678,-88.8867,0.0, ,0.0,0.0
Short-duration batteries,PJM,80828,11.48709677419355,45.9483870967742,41.7678,-88.8867,0.0, ,0.0,0.0
Short-duration batteries,PJM,80829,11.48709677419355,45.9483870967742,41.7678,-88.8867,0.0, ,0.0,0.0
Short-duration batteries,PJM,80830,11.48709677419355,45.9483870967742,41.7678,-88.8867,0.0, ,0.0,0.0
Short-duration batteries,PJM,80831,11.48709677419355,45.9483870967742,41.7678,-88.8867,0.0, ,0.0,0.0
Short-duration batteries,PJM,80832,11.48709677419355,45.9483870967742,41.7678,-88.8867,0.0, ,0.0,0.0
Short-duration batteries,PJM,80833,11.48709677419355,45.9483870967742,41.7678,-88.8867,0.0, ,0.0,0.0
Short-duration batteries,PJM,80834,11.48709677419355,45.9483870967742,41.7678,-88.8867,0.0, ,0.0,0.0
Short-duration batteries,PJM,80835,11.48709677419355,45.9483870967742,41.7678,-88.8867,0.0, ,0.0,0.0
Short-duration batteries,PJM,80836,11.48709677419355,45.9483870967742,41.7678,-88.8867,0.0, ,0.0,0.0
Short-duration batteries,PJM,80837,11.48709677419355,45.9483870967742,41.7678,-88.8867,0.0, ,0.0,0.0
Short-duration batteries,PJM,80838,11.48709677419355,45.9483870967742,41.7678,-88.8867,0.0, ,0.0,0.0
Short-duration batteries,PJM,80839,11.48709677419355,45.9483870967742,41.7678,-88.8867,0.0, ,0.0,0.0
Short-duration batteries,PJM,80840,11.48709677419355,45.9483870967742,41.7678,-88.8867,0.0, ,0.0,0.0
Short-duration batteries,PJM,80841,11.48709677419355,45.9483870967742,41.7678,-88.8867,0.0, ,0.0,0.0
Short-duration batteries,PJM,80842,11.48709677419355,45.9483870967742,41.7678,-88.8867,0.0, ,0.0,0.0
Short-duration batteries,PJM,80843,11.48709677419355,45.9483870967742,41.7678,-88.8867,0.0, ,0.0,0.0
Short-duration batteries,PJM,80844,11.48709677419355,45.9483870967742,41.7678,-88.8867,0.0, ,0.0,0.0
Short-duration batteries,PJM,80845,11.48709677419355,45.9483870967742,41.7678,-88.8867,0.0, ,0.0,0.0
Short-duration batteries,PJM,80846,11.48709677419355,45.9483870967742,41.7678,-88.8867,0.0, ,0.0,0.0
Short-duration batteries,PJM,80847,11.48709677419355,45.9483870967742,41.7678,-88.8867,0.0, ,0.0,0.0
Short-duration batteries,PJM,80848,11.48709677419355,45.9483870967742,41.7678,-88.8867,0.0, ,0.0,0.0
Short-duration batteries,PJM,80849,11.48709677419355,45.9483870967742,41.7678,-88.8867,0.0, ,0.0,0.0
Short-duration batteries,PJM,80850,11.48709677419355,45.9483870967742,41.7678,-88.8867,0.0, ,0.0,0.0
Short-duration batteries,PJM,80851,11.48709677419355,45.9483870967742,41.7678,-88.8867,0.0, ,0.0,0.0
Short-duration batteries,PJM,80852,11.48709677419355,45.9483870967742,41.7678,-88.8867,0.0, ,0.0,0.0
Short-duration batteries,PJM,80853,11.48709677419355,45.9483870967742,41.7678,-88.8867,0.0, ,0.0,0.0
Short-duration batteries,PJM,80854,11.48709677419355,45.9483870967742,41.7678,-88.8867,0.0, ,0.0,0.0
Short-duration batteries,PJM,80855,11.48709677419355,45.9483870967742,41.7678,-88.8867,0.0, ,0.0,0.0
Short-duration batteries,PJM,80856,11.48709677419355,45.9483870967742,41.7678,-88.8867,0.0, ,0.0,0.0
Short-duration batteries,PJM,80857,11.48709677419355,45.9483870967742,41.7678,-88.8867,0.0, ,0.0,0.0
Short-duration batteries,PJM,80858,11.48709677419355,45.9483870967742,41.7678,-88.8867,0.0, ,0.0,0.0
Short-duration batteries,PJM,80859,11.48709677419355,45.9483870967742,41.7678,-88.8867,0.0, ,0.0,0.0
Short-duration batteries,PJM,80860,11.48709677419355,45.9483870967742,41.7678,-88.8867,0.0, ,0.0,0.0
Short-duration batteries,PJM,80861,11.48709677419355,45.9483870967742,41.7678,-88.8867,0.0, ,0.0,0.0
Short-duration batteries,PJM,80862,11.48709677419355,45.9483870967742,41.7678,-88.8867,0.0, ,0.0,0.0
Short-duration batteries,PJM,80863,11.48709677419355,45.9483870967742,41.7678,-88.8867,0.0, ,0.0,0.0
Short-duration batteries,PJM,80864,11.48709677419355,45.9483870967742,41.7678,-88.8867,0.0, ,0.0,0.0
Short-duration batteries,PJM,80865,11.48709677419355,45.9483870967742,41.7678,-88.8867,0.0, ,0.0,0.0
Short-duration batteries,PJM,80866,11.48709677419355,45.9483870967742,41.7678,-88.8867,0.0, ,0.0,0.0
Short-duration batteries,PJM,80867,11.48709677419355,45.9483870967742,41.7678,-88.8867,0.0, ,0.0,0.0
Short-duration batteries,PJM,80868,11.48709677419355,45.9483870967742,41.7678,-88.8867,0.0, ,0.0,0.0
Short-duration batteries,PJM,80869,11.48709677419355,45.9483870967742,41.7678,-88.8867,0.0, ,0.0,0.0
Short-duration batteries,PJM,80870,11.48709677419355,45.9483870967742,41.7678,-88.8867,0.0, ,0.0,0.0
Short-duration batteries,PJM,80871,11.48709677419355,45.9483870967742,41.7678,-88.8867,0.0, ,0.0,0.0
Short-duration batteries,PJM,80872,11.48709677419355,45.9483870967742,41.7678,-88.8867,0.0, ,0.0,0.0
Short-duration batteries,PJM,80873,11.48709677419355,45.9483870967742,41.7678,-88.8867,0.0, ,0.0,0.0
Short-duration batteries,PJM,80874,11.48709677419355,45.9483870967742,41.7678,-88.8867,0.0, ,0.0,0.0
Short-duration batteries,PJM,80875,11.48709677419355,45.9483870967742,41.7678,-88.8867,0.0, ,0.0,0.0
Short-duration batteries,PJM,80876,11.48709677419355,45.9483870967742,41.7678,-88.8867,0.0, ,0.0,0.0
Short-duration batteries,PJM,80877,11.48709677419355,45.9483870967742,41.7678,-88.8867,0.0, ,0.0,0.0
Short-duration batteries,PJM,80878,11.48709677419355,45.9483870967742,41.7678,-88.8867,0.0, ,0.0,0.0
Short-duration batteries,PJM,80879,11.48709677419355,45.9483870967742,41.7678,-88.8867,0.0, ,0.0,0.0
Short-duration batteries,PJM,80880,11.48709677419355,45.9483870967742,41.7678,-88.8867,0.0, ,0.0,0.0
Short-duration batteries,PJM,80881,11.48709677419355,45.9483870967742,41.7678,-88.8867,0.0, ,0.0,0.0
Short-duration batteries,PJM,80882,11.48709677419355,45.9483870967742,41.7678,-88.8867,0.0, ,0.0,0.0
Short-duration batteries,PJM,80883,11.48709677419355,45.9483870967742,41.7678,-88.8867,0.0, ,0.0,0.0
Short-duration batteries,PJM,80884,11.48709677419355,45.9483870967742,41.7678,-88.8867,0.0, ,0.0,0.0
Short-duration batteries,PJM,80885,11.48709677419355,45.9483870967742,41.7678,-88.8867,0.0, ,0.0,0.0
Short-duration batteries,PJM,80886,11.48709677419355,45.9483870967742,41.7678,-88.8867,0.0, ,0.0,0.0
Short-duration batteries,PJM,80887,11.48709677419355,45.9483870967742,41.7678,-88.8867,0.0, ,0.0,0.0
Short-duration batteries,PJM,80888,11.48709677419355,45.9483870967742,41.7678,-88.8867,0.0, ,0.0,0.0
Short-duration batteries,PJM,80889,11.48709677419355,45.9483870967742,41.7678,-88.8867,0.0, ,0.0,0.0
Short-duration batteries,PJM,80890,11.48709677419355,45.9483870967742,41.7678,-88.8867,0.0, ,0.0,0.0
Short-duration batteries,PJM,80891,11.48709677419355,45.9483870967742,41.7678,-88.8867,0.0, ,0.0,0.0
Short-duration batteries,PJM,80892,11.48709677419355,45.9483870967742,41.7678,-88.8867,0.0, ,0.0,0.0
Short-duration batteries,PJM,80893,11.48709677419355,45.9483870967742,41.7678,-88.8867,0.0, ,0.0,0.0
Short-duration batteries,PJM,80894,11.48709677419355,45.9483870967742,41.7678,-88.8867,0.0, ,0.0,0.0
Short-duration batteries,PJM,80895,11.48709677419355,45.9483870967742,41.7678,-88.8867,0.0, ,0.0,0.0
Long-duration batteries,PJM,81740,30.0,240.0,41.7678,-88.8867,0.0, ,0.0,0.0
Long-duration batteries,PJM,81741,30.0,240.0,41.7678,-88.8867,0.0, ,0.0,0.0
Long-duration batteries,PJM,81742,30.0,240.0,41.7678,-88.8867,0.0, ,0.0,0.0
Long-duration batteries,PJM,81743,30.0,240.0,41.7678,-88.8867,0.0, ,0.0,0.0
Long-duration batteries,PJM,81744,30.0,240.0,41.7678,-88.8867,0.0, ,0.0,0.0
Long-duration batteries,PJM,81745,30.0,240.0,41.7678,-88.8867,0.0, ,0.0,0.0
Long-duration batteries,PJM,81746,30.0,240.0,41.7678,-88.8867,0.0, ,0.0,0.0
Long-duration batteries,PJM,81747,30.0,240.0,41.7678,-88.8867,0.0, ,0.0,0.0
Long-duration batteries,PJM,81748,30.0,240.0,41.7678,-88.8867,0.0, ,0.0,0.0
Long-duration batteries,PJM,81749,30.0,240.0,41.7678,-88.8867,0.0, ,0.0,0.0
Long-duration batteries,PJM,81750,30.0,240.0,41.7678,-88.8867,0.0, ,0.0,0.0
Long-duration batteries,PJM,81751,30.0,240.0,41.7678,-88.8867,0.0, ,0.0,0.0
Long-duration batteries,PJM,81752,30.0,240.0,41.7678,-88.8867,0.0, ,0.0,0.0
Long-duration batteries,PJM,81753,30.0,240.0,41.7678,-88.8867,0.0, ,0.0,0.0
Long-duration batteries,PJM,81754,30.0,240.0,41.7678,-88.8867,0.0, ,0.0,0.0
Long-duration batteries,PJM,81755,30.0,240.0,41.7678,-88.8867,0.0, ,0.0,0.0
Long-duration batteries,PJM,81756,30.0,240.0,41.7678,-88.8867,0.0, ,0.0,0.0
Long-duration batteries,PJM,81757,30.0,240.0,41.7678,-88.8867,0.0, ,0.0,0.0
Long-duration batteries,PJM,81758,30.0,240.0,41.7678,-88.8867,0.0, ,0.0,0.0
Long-duration batteries,PJM,81759,30.0,240.0,41.7678,-88.8867,0.0, ,0.0,0.0
Long-duration batteries,PJM,81760,30.0,240.0,41.7678,-88.8867,0.0, ,0.0,0.0
Long-duration batteries,PJM,81761,30.0,240.0,41.7678,-88.8867,0.0, ,0.0,0.0
Long-duration batteries,PJM,81762,30.0,240.0,41.7678,-88.8867,0.0, ,0.0,0.0
Long-duration batteries,PJM,81763,30.0,240.0,41.7678,-88.8867,0.0, ,0.0,0.0
Long-duration batteries,PJM,81764,30.0,240.0,41.7678,-88.8867,0.0, ,0.0,0.0
Long-duration batteries,PJM,81765,30.0,240.0,41.7678,-88.8867,0.0, ,0.0,0.0
Long-duration batteries,PJM,81766,30.0,240.0,41.7678,-88.8867,0.0, ,0.0,0.0
Long-duration batteries,PJM,81767,30.0,240.0,41.7678,-88.8867,0.0, ,0.0,0.0
Long-duration batteries,PJM,81768,30.0,240.0,41.7678,-88.8867,0.0, ,0.0,0.0
Long-duration batteries,PJM,81769,30.0,240.0,41.7678,-88.8867,0.0, ,0.0,0.0
Long-duration batteries,PJM,81770,30.0,240.0,41.7678,-88.8867,0.0, ,0.0,0.0
Long-duration batteries,PJM,81771,30.0,240.0,41.7678,-88.8867,0.0, ,0.0,0.0
Long-duration batteries,PJM,81772,30.0,240.0,41.7678,-88.8867,0.0, ,0.0,0.0
Long-duration batteries,PJM,81773,30.0,240.0,41.7678,-88.8867,0.0, ,0.0,0.0
Long-duration batteries,PJM,81774,30.0,240.0,41.7678,-88.8867,0.0, ,0.0,0.0
Long-duration batteries,PJM,81775,30.0,240.0,41.7678,-88.8867,0.0, ,0.0,0.0
Long-duration batteries,PJM,81776,30.0,240.0,41.7678,-88.8867,0.0, ,0.0,0.0
Long-duration batteries,PJM,81777,30.0,240.0,41.7678,-88.8867,0.0, ,0.0,0.0
Long-duration batteries,PJM,81778,30.0,240.0,41.7678,-88.8867,0.0, ,0.0,0.0
Long-duration batteries,PJM,81779,30.0,240.0,41.7678,-88.8867,0.0, ,0.0,0.0
Long-duration batteries,PJM,81780,30.0,240.0,41.7678,-88.8867,0.0, ,0.0,0.0
Long-duration batteries,PJM,81781,30.0,240.0,41.7678,-88.8867,0.0, ,0.0,0.0
